time,FID,etof,acres
2016-01-01,077_000017,0.0,35.512
2016-01-01,077_000018,0.0,7.79
2016-01-01,077_000019,0.0,26.043
2016-01-01,077_000020,0.0,18.267
2016-01-01,077_000063,0.0,85.433
2016-01-01,077_000038,0.0,82.327
2016-01-01,077_000039,0.0,63.029
2016-01-01,077_000040,0.0,66.515
2016-01-01,077_000062,0.0,63.009
2016-01-01,077_000066,0.0,111.285
2016-01-01,077_000049,0.0,19.941
2016-01-01,077_000050,0.002,28.331
2016-02-01,077_000017,0.059,35.512
2016-02-01,077_000018,0.068,7.79
2016-02-01,077_000019,0.094,26.043
2016-02-01,077_000020,0.099,18.267
2016-02-01,077_000063,0.078,85.433
2016-02-01,077_000038,0.082,82.327
2016-02-01,077_000039,0.056,63.029
2016-02-01,077_000040,0.095,66.515
2016-02-01,077_000062,0.091,63.009
2016-02-01,077_000066,0.092,111.285
2016-02-01,077_000049,0.098,19.941
2016-02-01,077_000050,0.109,28.331
2016-03-01,077_000017,0.332,35.512
2016-03-01,077_000018,0.31,7.79
2016-03-01,077_000019,0.35,26.043
2016-03-01,077_000020,0.333,18.267
2016-03-01,077_000063,0.338,85.433
2016-03-01,077_000038,0.312,82.327
2016-03-01,077_000039,0.306,63.029
2016-03-01,077_000040,0.407,66.515
2016-03-01,077_000062,0.349,63.009
2016-03-01,077_000066,0.408,111.285
2016-03-01,077_000049,0.339,19.941
2016-03-01,077_000050,0.311,28.331
2016-04-01,077_000017,0.752,35.512
2016-04-01,077_000018,0.702,7.79
2016-04-01,077_000019,0.631,26.043
2016-04-01,077_000020,0.71,18.267
2016-04-01,077_000063,0.727,85.433
2016-04-01,077_000038,0.627,82.327
2016-04-01,077_000039,0.664,63.029
2016-04-01,077_000040,0.655,66.515
2016-04-01,077_000062,0.741,63.009
2016-04-01,077_000066,0.738,111.285
2016-04-01,077_000049,0.732,19.941
2016-04-01,077_000050,0.643,28.331
2016-05-01,077_000017,0.835,35.512
2016-05-01,077_000018,0.8,7.79
2016-05-01,077_000019,0.819,26.043
2016-05-01,077_000020,0.822,18.267
2016-05-01,077_000063,0.82,85.433
2016-05-01,077_000038,0.834,82.327
2016-05-01,077_000039,0.741,63.029
2016-05-01,077_000040,0.831,66.515
2016-05-01,077_000062,0.881,63.009
2016-05-01,077_000066,0.863,111.285
2016-05-01,077_000049,0.819,19.941
2016-05-01,077_000050,0.837,28.331
2016-06-01,077_000017,0.984,35.512
2016-06-01,077_000018,0.842,7.79
2016-06-01,077_000019,0.857,26.043
2016-06-01,077_000020,0.944,18.267
2016-06-01,077_000063,0.883,85.433
2016-06-01,077_000038,0.92,82.327
2016-06-01,077_000039,0.631,63.029
2016-06-01,077_000040,0.896,66.515
2016-06-01,077_000062,0.989,63.009
2016-06-01,077_000066,0.904,111.285
2016-06-01,077_000049,0.907,19.941
2016-06-01,077_000050,0.896,28.331
2016-07-01,077_000017,0.899,35.512
2016-07-01,077_000018,0.78,7.79
2016-07-01,077_000019,0.864,26.043
2016-07-01,077_000020,0.895,18.267
2016-07-01,077_000063,0.84,85.433
2016-07-01,077_000038,0.976,82.327
2016-07-01,077_000039,0.789,63.029
2016-07-01,077_000040,0.957,66.515
2016-07-01,077_000062,0.829,63.009
2016-07-01,077_000066,0.979,111.285
2016-07-01,077_000049,0.735,19.941
2016-07-01,077_000050,0.741,28.331
2016-08-01,077_000017,0.877,35.512
2016-08-01,077_000018,0.743,7.79
2016-08-01,077_000019,0.891,26.043
2016-08-01,077_000020,0.849,18.267
2016-08-01,077_000063,0.849,85.433
2016-08-01,077_000038,0.981,82.327
2016-08-01,077_000039,0.959,63.029
2016-08-01,077_000040,0.899,66.515
2016-08-01,077_000062,0.947,63.009
2016-08-01,077_000066,0.959,111.285
2016-08-01,077_000049,0.717,19.941
2016-08-01,077_000050,0.872,28.331
2016-09-01,077_000017,0.887,35.512
2016-09-01,077_000018,0.663,7.79
2016-09-01,077_000019,0.722,26.043
2016-09-01,077_000020,0.735,18.267
2016-09-01,077_000063,0.743,85.433
2016-09-01,077_000038,0.793,82.327
2016-09-01,077_000039,0.731,63.029
2016-09-01,077_000040,0.888,66.515
2016-09-01,077_000062,0.854,63.009
2016-09-01,077_000066,0.909,111.285
2016-09-01,077_000049,0.522,19.941
2016-09-01,077_000050,0.776,28.331
2016-10-01,077_000017,0.734,35.512
2016-10-01,077_000018,0.568,7.79
2016-10-01,077_000019,0.733,26.043
2016-10-01,077_000020,0.663,18.267
2016-10-01,077_000063,0.618,85.433
2016-10-01,077_000038,0.637,82.327
2016-10-01,077_000039,0.711,63.029
2016-10-01,077_000040,0.731,66.515
2016-10-01,077_000062,0.67,63.009
2016-10-01,077_000066,0.769,111.285
2016-10-01,077_000049,0.467,19.941
2016-10-01,077_000050,0.553,28.331
2016-11-01,077_000017,0.488,35.512
2016-11-01,077_000018,0.434,7.79
2016-11-01,077_000019,0.628,26.043
2016-11-01,077_000020,0.53,18.267
2016-11-01,077_000063,0.478,85.433
2016-11-01,077_000038,0.633,82.327
2016-11-01,077_000039,0.522,63.029
2016-11-01,077_000040,0.637,66.515
2016-11-01,077_000062,0.5,63.009
2016-11-01,077_000066,0.652,111.285
2016-11-01,077_000049,0.471,19.941
2016-11-01,077_000050,0.464,28.331
2016-12-01,077_000017,0.348,35.512
2016-12-01,077_000018,0.188,7.79
2016-12-01,077_000019,0.414,26.043
2016-12-01,077_000020,0.306,18.267
2016-12-01,077_000063,0.306,85.433
2016-12-01,077_000038,0.353,82.327
2016-12-01,077_000039,0.247,63.029
2016-12-01,077_000040,0.229,66.515
2016-12-01,077_000062,0.106,63.009
2016-12-01,077_000066,0.144,111.285
2016-12-01,077_000049,0.277,19.941
2016-12-01,077_000050,0.209,28.331
2017-01-01,077_000017,0.028,35.512
2017-01-01,077_000018,0.037,7.79
2017-01-01,077_000019,0.222,26.043
2017-01-01,077_000020,0.055,18.267
2017-01-01,077_000063,0.059,85.433
2017-01-01,077_000038,0.029,82.327
2017-01-01,077_000039,0.032,63.029
2017-01-01,077_000040,0.071,66.515
2017-01-01,077_000062,0.028,63.009
2017-01-01,077_000066,0.027,111.285
2017-01-01,077_000049,0.107,19.941
2017-01-01,077_000050,0.048,28.331
2017-02-01,077_000017,0.0,35.512
2017-02-01,077_000018,0.0,7.79
2017-02-01,077_000019,0.0,26.043
2017-02-01,077_000020,0.0,18.267
2017-02-01,077_000063,0.0,85.433
2017-02-01,077_000038,0.0,82.327
2017-02-01,077_000039,0.011,63.029
2017-02-01,077_000040,0.0,66.515
2017-02-01,077_000062,0.0,63.009
2017-02-01,077_000066,0.0,111.285
2017-02-01,077_000049,0.0,19.941
2017-02-01,077_000050,0.0,28.331
2017-03-01,077_000017,0.45,35.512
2017-03-01,077_000018,0.344,7.79
2017-03-01,077_000019,0.379,26.043
2017-03-01,077_000020,0.4,18.267
2017-03-01,077_000063,0.417,85.433
2017-03-01,077_000038,0.423,82.327
2017-03-01,077_000039,0.377,63.029
2017-03-01,077_000040,0.481,66.515
2017-03-01,077_000062,0.478,63.009
2017-03-01,077_000066,0.393,111.285
2017-03-01,077_000049,0.409,19.941
2017-03-01,077_000050,0.514,28.331
2017-04-01,077_000017,0.782,35.512
2017-04-01,077_000018,0.642,7.79
2017-04-01,077_000019,0.697,26.043
2017-04-01,077_000020,0.723,18.267
2017-04-01,077_000063,0.716,85.433
2017-04-01,077_000038,0.728,82.327
2017-04-01,077_000039,0.654,63.029
2017-04-01,077_000040,0.811,66.515
2017-04-01,077_000062,0.857,63.009
2017-04-01,077_000066,0.727,111.285
2017-04-01,077_000049,0.774,19.941
2017-04-01,077_000050,0.92,28.331
2017-05-01,077_000017,0.922,35.512
2017-05-01,077_000018,0.861,7.79
2017-05-01,077_000019,0.921,26.043
2017-05-01,077_000020,0.911,18.267
2017-05-01,077_000063,0.903,85.433
2017-05-01,077_000038,0.843,82.327
2017-05-01,077_000039,0.858,63.029
2017-05-01,077_000040,0.964,66.515
2017-05-01,077_000062,1.0,63.009
2017-05-01,077_000066,0.989,111.285
2017-05-01,077_000049,0.945,19.941
2017-05-01,077_000050,0.944,28.331
2017-06-01,077_000017,1.031,35.512
2017-06-01,077_000018,0.876,7.79
2017-06-01,077_000019,0.91,26.043
2017-06-01,077_000020,1.012,18.267
2017-06-01,077_000063,0.924,85.433
2017-06-01,077_000038,0.943,82.327
2017-06-01,077_000039,1.033,63.029
2017-06-01,077_000040,0.867,66.515
2017-06-01,077_000062,1.074,63.009
2017-06-01,077_000066,0.942,111.285
2017-06-01,077_000049,1.017,19.941
2017-06-01,077_000050,1.023,28.331
2017-07-01,077_000017,0.9,35.512
2017-07-01,077_000018,0.779,7.79
2017-07-01,077_000019,0.813,26.043
2017-07-01,077_000020,0.937,18.267
2017-07-01,077_000063,0.834,85.433
2017-07-01,077_000038,0.948,82.327
2017-07-01,077_000039,0.774,63.029
2017-07-01,077_000040,0.972,66.515
2017-07-01,077_000062,0.841,63.009
2017-07-01,077_000066,1.007,111.285
2017-07-01,077_000049,0.896,19.941
2017-07-01,077_000050,0.801,28.331
2017-08-01,077_000017,0.869,35.512
2017-08-01,077_000018,0.644,7.79
2017-08-01,077_000019,0.566,26.043
2017-08-01,077_000020,0.818,18.267
2017-08-01,077_000063,0.708,85.433
2017-08-01,077_000038,0.916,82.327
2017-08-01,077_000039,0.792,63.029
2017-08-01,077_000040,0.88,66.515
2017-08-01,077_000062,0.925,63.009
2017-08-01,077_000066,0.946,111.285
2017-08-01,077_000049,0.859,19.941
2017-08-01,077_000050,0.691,28.331
2017-09-01,077_000017,0.844,35.512
2017-09-01,077_000018,0.611,7.79
2017-09-01,077_000019,0.535,26.043
2017-09-01,077_000020,0.746,18.267
2017-09-01,077_000063,0.708,85.433
2017-09-01,077_000038,0.884,82.327
2017-09-01,077_000039,0.718,63.029
2017-09-01,077_000040,0.7,66.515
2017-09-01,077_000062,0.808,63.009
2017-09-01,077_000066,0.882,111.285
2017-09-01,077_000049,0.773,19.941
2017-09-01,077_000050,0.5,28.331
2017-10-01,077_000017,0.61,35.512
2017-10-01,077_000018,0.561,7.79
2017-10-01,077_000019,0.552,26.043
2017-10-01,077_000020,0.631,18.267
2017-10-01,077_000063,0.602,85.433
2017-10-01,077_000038,0.568,82.327
2017-10-01,077_000039,0.488,63.029
2017-10-01,077_000040,0.615,66.515
2017-10-01,077_000062,0.608,63.009
2017-10-01,077_000066,0.672,111.285
2017-10-01,077_000049,0.583,19.941
2017-10-01,077_000050,0.533,28.331
2017-11-01,077_000017,0.633,35.512
2017-11-01,077_000018,0.582,7.79
2017-11-01,077_000019,0.61,26.043
2017-11-01,077_000020,0.65,18.267
2017-11-01,077_000063,0.59,85.433
2017-11-01,077_000038,0.46,82.327
2017-11-01,077_000039,0.464,63.029
2017-11-01,077_000040,0.483,66.515
2017-11-01,077_000062,0.516,63.009
2017-11-01,077_000066,0.548,111.285
2017-11-01,077_000049,0.545,19.941
2017-11-01,077_000050,0.51,28.331
2017-12-01,077_000017,0.666,35.512
2017-12-01,077_000018,0.642,7.79
2017-12-01,077_000019,0.592,26.043
2017-12-01,077_000020,0.603,18.267
2017-12-01,077_000063,0.552,85.433
2017-12-01,077_000038,0.405,82.327
2017-12-01,077_000039,0.474,63.029
2017-12-01,077_000040,0.41,66.515
2017-12-01,077_000062,0.412,63.009
2017-12-01,077_000066,0.448,111.285
2017-12-01,077_000049,0.47,19.941
2017-12-01,077_000050,0.449,28.331
2018-01-01,077_000017,0.0,35.512
2018-01-01,077_000018,0.0,7.79
2018-01-01,077_000019,0.0,26.043
2018-01-01,077_000020,0.0,18.267
2018-01-01,077_000063,0.0,85.433
2018-01-01,077_000038,0.0,82.327
2018-01-01,077_000039,0.0,63.029
2018-01-01,077_000040,0.0,66.515
2018-01-01,077_000062,0.0,63.009
2018-01-01,077_000066,0.0,111.285
2018-01-01,077_000049,0.0,19.941
2018-01-01,077_000050,0.0,28.331
2018-02-01,077_000017,0.0,35.512
2018-02-01,077_000018,0.0,7.79
2018-02-01,077_000019,0.0,26.043
2018-02-01,077_000020,0.0,18.267
2018-02-01,077_000063,0.0,85.433
2018-02-01,077_000038,0.0,82.327
2018-02-01,077_000039,0.0,63.029
2018-02-01,077_000040,0.0,66.515
2018-02-01,077_000062,0.014,63.009
2018-02-01,077_000066,0.0,111.285
2018-02-01,077_000049,0.0,19.941
2018-02-01,077_000050,0.071,28.331
2018-03-01,077_000017,0.332,35.512
2018-03-01,077_000018,0.327,7.79
2018-03-01,077_000019,0.299,26.043
2018-03-01,077_000020,0.348,18.267
2018-03-01,077_000063,0.339,85.433
2018-03-01,077_000038,0.341,82.327
2018-03-01,077_000039,0.293,63.029
2018-03-01,077_000040,0.285,66.515
2018-03-01,077_000062,0.31,63.009
2018-03-01,077_000066,0.304,111.285
2018-03-01,077_000049,0.354,19.941
2018-03-01,077_000050,0.332,28.331
2018-04-01,077_000017,0.751,35.512
2018-04-01,077_000018,0.701,7.79
2018-04-01,077_000019,0.605,26.043
2018-04-01,077_000020,0.687,18.267
2018-04-01,077_000063,0.743,85.433
2018-04-01,077_000038,0.714,82.327
2018-04-01,077_000039,0.66,63.029
2018-04-01,077_000040,0.556,66.515
2018-04-01,077_000062,0.72,63.009
2018-04-01,077_000066,0.629,111.285
2018-04-01,077_000049,0.754,19.941
2018-04-01,077_000050,0.681,28.331
2018-05-01,077_000017,0.854,35.512
2018-05-01,077_000018,0.827,7.79
2018-05-01,077_000019,0.746,26.043
2018-05-01,077_000020,0.816,18.267
2018-05-01,077_000063,0.882,85.433
2018-05-01,077_000038,0.791,82.327
2018-05-01,077_000039,0.699,63.029
2018-05-01,077_000040,0.858,66.515
2018-05-01,077_000062,0.906,63.009
2018-05-01,077_000066,0.875,111.285
2018-05-01,077_000049,0.882,19.941
2018-05-01,077_000050,0.839,28.331
2018-06-01,077_000017,1.044,35.512
2018-06-01,077_000018,0.962,7.79
2018-06-01,077_000019,1.017,26.043
2018-06-01,077_000020,1.001,18.267
2018-06-01,077_000063,1.029,85.433
2018-06-01,077_000038,0.994,82.327
2018-06-01,077_000039,0.791,63.029
2018-06-01,077_000040,0.935,66.515
2018-06-01,077_000062,1.077,63.009
2018-06-01,077_000066,1.044,111.285
2018-06-01,077_000049,1.003,19.941
2018-06-01,077_000050,1.044,28.331
2018-07-01,077_000017,0.846,35.512
2018-07-01,077_000018,0.775,7.79
2018-07-01,077_000019,0.747,26.043
2018-07-01,077_000020,0.928,18.267
2018-07-01,077_000063,0.78,85.433
2018-07-01,077_000038,0.964,82.327
2018-07-01,077_000039,0.893,63.029
2018-07-01,077_000040,0.998,66.515
2018-07-01,077_000062,0.855,63.009
2018-07-01,077_000066,0.89,111.285
2018-07-01,077_000049,0.827,19.941
2018-07-01,077_000050,0.824,28.331
2018-08-01,077_000017,0.903,35.512
2018-08-01,077_000018,0.598,7.79
2018-08-01,077_000019,0.599,26.043
2018-08-01,077_000020,0.794,18.267
2018-08-01,077_000063,0.748,85.433
2018-08-01,077_000038,0.795,82.327
2018-08-01,077_000039,0.93,63.029
2018-08-01,077_000040,0.862,66.515
2018-08-01,077_000062,0.912,63.009
2018-08-01,077_000066,0.905,111.285
2018-08-01,077_000049,0.83,19.941
2018-08-01,077_000050,0.741,28.331
2018-09-01,077_000017,0.927,35.512
2018-09-01,077_000018,0.621,7.79
2018-09-01,077_000019,0.59,26.043
2018-09-01,077_000020,0.795,18.267
2018-09-01,077_000063,0.8,85.433
2018-09-01,077_000038,0.891,82.327
2018-09-01,077_000039,0.877,63.029
2018-09-01,077_000040,0.804,66.515
2018-09-01,077_000062,0.891,63.009
2018-09-01,077_000066,0.99,111.285
2018-09-01,077_000049,0.827,19.941
2018-09-01,077_000050,0.705,28.331
2018-10-01,077_000017,0.745,35.512
2018-10-01,077_000018,0.613,7.79
2018-10-01,077_000019,0.642,26.043
2018-10-01,077_000020,0.766,18.267
2018-10-01,077_000063,0.711,85.433
2018-10-01,077_000038,0.651,82.327
2018-10-01,077_000039,0.626,63.029
2018-10-01,077_000040,0.743,66.515
2018-10-01,077_000062,0.668,63.009
2018-10-01,077_000066,0.789,111.285
2018-10-01,077_000049,0.686,19.941
2018-10-01,077_000050,0.609,28.331
2018-11-01,077_000017,0.66,35.512
2018-11-01,077_000018,0.652,7.79
2018-11-01,077_000019,0.68,26.043
2018-11-01,077_000020,0.699,18.267
2018-11-01,077_000063,0.681,85.433
2018-11-01,077_000038,0.617,82.327
2018-11-01,077_000039,0.598,63.029
2018-11-01,077_000040,0.668,66.515
2018-11-01,077_000062,0.676,63.009
2018-11-01,077_000066,0.681,111.285
2018-11-01,077_000049,0.67,19.941
2018-11-01,077_000050,0.67,28.331
2018-12-01,077_000017,0.0,35.512
2018-12-01,077_000018,0.0,7.79
2018-12-01,077_000019,0.031,26.043
2018-12-01,077_000020,0.0,18.267
2018-12-01,077_000063,0.0,85.433
2018-12-01,077_000038,0.0,82.327
2018-12-01,077_000039,0.0,63.029
2018-12-01,077_000040,0.0,66.515
2018-12-01,077_000062,0.003,63.009
2018-12-01,077_000066,0.0,111.285
2018-12-01,077_000049,0.0,19.941
2018-12-01,077_000050,0.002,28.331
2019-01-01,077_000017,0.0,35.512
2019-01-01,077_000018,0.0,7.79
2019-01-01,077_000019,0.008,26.043
2019-01-01,077_000020,0.0,18.267
2019-01-01,077_000063,0.0,85.433
2019-01-01,077_000038,0.0,82.327
2019-01-01,077_000039,0.0,63.029
2019-01-01,077_000040,0.0,66.515
2019-01-01,077_000062,0.0,63.009
2019-01-01,077_000066,0.0,111.285
2019-01-01,077_000049,0.0,19.941
2019-01-01,077_000050,0.0,28.331
2019-02-01,077_000017,0.0,35.512
2019-02-01,077_000018,0.0,7.79
2019-02-01,077_000019,0.0,26.043
2019-02-01,077_000020,0.0,18.267
2019-02-01,077_000063,0.0,85.433
2019-02-01,077_000038,0.001,82.327
2019-02-01,077_000039,0.017,63.029
2019-02-01,077_000040,0.0,66.515
2019-02-01,077_000062,0.0,63.009
2019-02-01,077_000066,0.0,111.285
2019-02-01,077_000049,0.0,19.941
2019-02-01,077_000050,0.0,28.331
2019-03-01,077_000017,0.085,35.512
2019-03-01,077_000018,0.083,7.79
2019-03-01,077_000019,0.048,26.043
2019-03-01,077_000020,0.089,18.267
2019-03-01,077_000063,0.088,85.433
2019-03-01,077_000038,0.093,82.327
2019-03-01,077_000039,0.075,63.029
2019-03-01,077_000040,0.066,66.515
2019-03-01,077_000062,0.078,63.009
2019-03-01,077_000066,0.077,111.285
2019-03-01,077_000049,0.087,19.941
2019-03-01,077_000050,0.084,28.331
2019-04-01,077_000017,0.51,35.512
2019-04-01,077_000018,0.478,7.79
2019-04-01,077_000019,0.206,26.043
2019-04-01,077_000020,0.547,18.267
2019-04-01,077_000063,0.508,85.433
2019-04-01,077_000038,0.64,82.327
2019-04-01,077_000039,0.438,63.029
2019-04-01,077_000040,0.4,66.515
2019-04-01,077_000062,0.424,63.009
2019-04-01,077_000066,0.462,111.285
2019-04-01,077_000049,0.276,19.941
2019-04-01,077_000050,0.296,28.331
2019-05-01,077_000017,0.708,35.512
2019-05-01,077_000018,0.628,7.79
2019-05-01,077_000019,0.506,26.043
2019-05-01,077_000020,0.743,18.267
2019-05-01,077_000063,0.709,85.433
2019-05-01,077_000038,0.752,82.327
2019-05-01,077_000039,0.712,63.029
2019-05-01,077_000040,0.63,66.515
2019-05-01,077_000062,0.747,63.009
2019-05-01,077_000066,0.655,111.285
2019-05-01,077_000049,0.78,19.941
2019-05-01,077_000050,0.777,28.331
2019-06-01,077_000017,1.082,35.512
2019-06-01,077_000018,0.775,7.79
2019-06-01,077_000019,0.851,26.043
2019-06-01,077_000020,0.933,18.267
2019-06-01,077_000063,0.932,85.433
2019-06-01,077_000038,1.043,82.327
2019-06-01,077_000039,1.099,63.029
2019-06-01,077_000040,0.965,66.515
2019-06-01,077_000062,1.076,63.009
2019-06-01,077_000066,1.031,111.285
2019-06-01,077_000049,0.959,19.941
2019-06-01,077_000050,1.012,28.331
2019-07-01,077_000017,0.92,35.512
2019-07-01,077_000018,0.678,7.79
2019-07-01,077_000019,0.694,26.043
2019-07-01,077_000020,0.86,18.267
2019-07-01,077_000063,0.795,85.433
2019-07-01,077_000038,0.988,82.327
2019-07-01,077_000039,0.888,63.029
2019-07-01,077_000040,0.98,66.515
2019-07-01,077_000062,0.974,63.009
2019-07-01,077_000066,1.026,111.285
2019-07-01,077_000049,0.688,19.941
2019-07-01,077_000050,0.871,28.331
2019-08-01,077_000017,0.79,35.512
2019-08-01,077_000018,0.486,7.79
2019-08-01,077_000019,0.472,26.043
2019-08-01,077_000020,0.77,18.267
2019-08-01,077_000063,0.63,85.433
2019-08-01,077_000038,0.866,82.327
2019-08-01,077_000039,0.875,63.029
2019-08-01,077_000040,0.848,66.515
2019-08-01,077_000062,0.88,63.009
2019-08-01,077_000066,0.901,111.285
2019-08-01,077_000049,0.623,19.941
2019-08-01,077_000050,0.698,28.331
2019-09-01,077_000017,0.904,35.512
2019-09-01,077_000018,0.626,7.79
2019-09-01,077_000019,0.571,26.043
2019-09-01,077_000020,0.806,18.267
2019-09-01,077_000063,0.672,85.433
2019-09-01,077_000038,0.847,82.327
2019-09-01,077_000039,0.774,63.029
2019-09-01,077_000040,0.816,66.515
2019-09-01,077_000062,0.92,63.009
2019-09-01,077_000066,0.891,111.285
2019-09-01,077_000049,0.627,19.941
2019-09-01,077_000050,0.763,28.331
2019-10-01,077_000017,0.806,35.512
2019-10-01,077_000018,0.856,7.79
2019-10-01,077_000019,0.787,26.043
2019-10-01,077_000020,0.76,18.267
2019-10-01,077_000063,0.798,85.433
2019-10-01,077_000038,0.762,82.327
2019-10-01,077_000039,0.83,63.029
2019-10-01,077_000040,0.889,66.515
2019-10-01,077_000062,0.725,63.009
2019-10-01,077_000066,0.855,111.285
2019-10-01,077_000049,0.758,19.941
2019-10-01,077_000050,0.693,28.331
2019-11-01,077_000017,0.65,35.512
2019-11-01,077_000018,0.732,7.79
2019-11-01,077_000019,0.688,26.043
2019-11-01,077_000020,0.677,18.267
2019-11-01,077_000063,0.676,85.433
2019-11-01,077_000038,0.557,82.327
2019-11-01,077_000039,0.647,63.029
2019-11-01,077_000040,0.657,66.515
2019-11-01,077_000062,0.592,63.009
2019-11-01,077_000066,0.647,111.285
2019-11-01,077_000049,0.659,19.941
2019-11-01,077_000050,0.573,28.331
2019-12-01,077_000017,0.449,35.512
2019-12-01,077_000018,0.343,7.79
2019-12-01,077_000019,0.517,26.043
2019-12-01,077_000020,0.592,18.267
2019-12-01,077_000063,0.449,85.433
2019-12-01,077_000038,0.318,82.327
2019-12-01,077_000039,0.355,63.029
2019-12-01,077_000040,0.364,66.515
2019-12-01,077_000062,0.571,63.009
2019-12-01,077_000066,0.333,111.285
2019-12-01,077_000049,0.6,19.941
2019-12-01,077_000050,0.511,28.331
2020-01-01,077_000017,0.41,35.512
2020-01-01,077_000018,0.203,7.79
2020-01-01,077_000019,0.419,26.043
2020-01-01,077_000020,0.524,18.267
2020-01-01,077_000063,0.491,85.433
2020-01-01,077_000038,0.275,82.327
2020-01-01,077_000039,0.219,63.029
2020-01-01,077_000040,0.37,66.515
2020-01-01,077_000062,0.465,63.009
2020-01-01,077_000066,0.269,111.285
2020-01-01,077_000049,0.532,19.941
2020-01-01,077_000050,0.46,28.331
2020-02-01,077_000017,0.429,35.512
2020-02-01,077_000018,0.445,7.79
2020-02-01,077_000019,0.585,26.043
2020-02-01,077_000020,0.483,18.267
2020-02-01,077_000063,0.45,85.433
2020-02-01,077_000038,0.438,82.327
2020-02-01,077_000039,0.438,63.029
2020-02-01,077_000040,0.37,66.515
2020-02-01,077_000062,0.448,63.009
2020-02-01,077_000066,0.496,111.285
2020-02-01,077_000049,0.475,19.941
2020-02-01,077_000050,0.415,28.331
2020-03-01,077_000017,0.511,35.512
2020-03-01,077_000018,0.523,7.79
2020-03-01,077_000019,0.677,26.043
2020-03-01,077_000020,0.589,18.267
2020-03-01,077_000063,0.567,85.433
2020-03-01,077_000038,0.51,82.327
2020-03-01,077_000039,0.522,63.029
2020-03-01,077_000040,0.609,66.515
2020-03-01,077_000062,0.511,63.009
2020-03-01,077_000066,0.592,111.285
2020-03-01,077_000049,0.604,19.941
2020-03-01,077_000050,0.474,28.331
2020-04-01,077_000017,0.712,35.512
2020-04-01,077_000018,0.7,7.79
2020-04-01,077_000019,0.755,26.043
2020-04-01,077_000020,0.786,18.267
2020-04-01,077_000063,0.746,85.433
2020-04-01,077_000038,0.672,82.327
2020-04-01,077_000039,0.703,63.029
2020-04-01,077_000040,0.689,66.515
2020-04-01,077_000062,0.687,63.009
2020-04-01,077_000066,0.698,111.285
2020-04-01,077_000049,0.76,19.941
2020-04-01,077_000050,0.607,28.331
2020-05-01,077_000017,1.008,35.512
2020-05-01,077_000018,0.958,7.79
2020-05-01,077_000019,0.956,26.043
2020-05-01,077_000020,0.907,18.267
2020-05-01,077_000063,1.001,85.433
2020-05-01,077_000038,0.94,82.327
2020-05-01,077_000039,1.032,63.029
2020-05-01,077_000040,0.97,66.515
2020-05-01,077_000062,1.03,63.009
2020-05-01,077_000066,0.987,111.285
2020-05-01,077_000049,0.995,19.941
2020-05-01,077_000050,0.978,28.331
2020-06-01,077_000017,1.067,35.512
2020-06-01,077_000018,1.056,7.79
2020-06-01,077_000019,1.071,26.043
2020-06-01,077_000020,1.055,18.267
2020-06-01,077_000063,1.072,85.433
2020-06-01,077_000038,1.043,82.327
2020-06-01,077_000039,1.083,63.029
2020-06-01,077_000040,1.043,66.515
2020-06-01,077_000062,1.058,63.009
2020-06-01,077_000066,1.065,111.285
2020-06-01,077_000049,1.056,19.941
2020-06-01,077_000050,1.037,28.331
2020-07-01,077_000017,0.976,35.512
2020-07-01,077_000018,0.875,7.79
2020-07-01,077_000019,0.915,26.043
2020-07-01,077_000020,0.988,18.267
2020-07-01,077_000063,0.796,85.433
2020-07-01,077_000038,0.943,82.327
2020-07-01,077_000039,0.931,63.029
2020-07-01,077_000040,1.032,66.515
2020-07-01,077_000062,1.016,63.009
2020-07-01,077_000066,0.932,111.285
2020-07-01,077_000049,0.787,19.941
2020-07-01,077_000050,0.884,28.331
2020-08-01,077_000017,0.793,35.512
2020-08-01,077_000018,0.684,7.79
2020-08-01,077_000019,0.526,26.043
2020-08-01,077_000020,0.799,18.267
2020-08-01,077_000063,0.716,85.433
2020-08-01,077_000038,0.852,82.327
2020-08-01,077_000039,0.897,63.029
2020-08-01,077_000040,0.863,66.515
2020-08-01,077_000062,0.893,63.009
2020-08-01,077_000066,0.898,111.285
2020-08-01,077_000049,0.671,19.941
2020-08-01,077_000050,0.757,28.331
2020-09-01,077_000017,0.849,35.512
2020-09-01,077_000018,0.612,7.79
2020-09-01,077_000019,0.408,26.043
2020-09-01,077_000020,0.699,18.267
2020-09-01,077_000063,0.671,85.433
2020-09-01,077_000038,0.797,82.327
2020-09-01,077_000039,0.746,63.029
2020-09-01,077_000040,0.834,66.515
2020-09-01,077_000062,0.838,63.009
2020-09-01,077_000066,0.831,111.285
2020-09-01,077_000049,0.591,19.941
2020-09-01,077_000050,0.679,28.331
2020-10-01,077_000017,0.753,35.512
2020-10-01,077_000018,0.542,7.79
2020-10-01,077_000019,0.428,26.043
2020-10-01,077_000020,0.625,18.267
2020-10-01,077_000063,0.623,85.433
2020-10-01,077_000038,0.609,82.327
2020-10-01,077_000039,0.707,63.029
2020-10-01,077_000040,0.761,66.515
2020-10-01,077_000062,0.692,63.009
2020-10-01,077_000066,0.724,111.285
2020-10-01,077_000049,0.464,19.941
2020-10-01,077_000050,0.519,28.331
2020-11-01,077_000017,0.719,35.512
2020-11-01,077_000018,0.7,7.79
2020-11-01,077_000019,0.39,26.043
2020-11-01,077_000020,0.62,18.267
2020-11-01,077_000063,0.668,85.433
2020-11-01,077_000038,0.409,82.327
2020-11-01,077_000039,0.541,63.029
2020-11-01,077_000040,0.544,66.515
2020-11-01,077_000062,0.439,63.009
2020-11-01,077_000066,0.554,111.285
2020-11-01,077_000049,0.377,19.941
2020-11-01,077_000050,0.408,28.331
2020-12-01,077_000017,0.524,35.512
2020-12-01,077_000018,0.525,7.79
2020-12-01,077_000019,0.289,26.043
2020-12-01,077_000020,0.511,18.267
2020-12-01,077_000063,0.547,85.433
2020-12-01,077_000038,0.363,82.327
2020-12-01,077_000039,0.467,63.029
2020-12-01,077_000040,0.529,66.515
2020-12-01,077_000062,0.387,63.009
2020-12-01,077_000066,0.527,111.285
2020-12-01,077_000049,0.299,19.941
2020-12-01,077_000050,0.354,28.331
2021-01-01,077_000017,0.319,35.512
2021-01-01,077_000018,0.286,7.79
2021-01-01,077_000019,0.301,26.043
2021-01-01,077_000020,0.224,18.267
2021-01-01,077_000063,0.276,85.433
2021-01-01,077_000038,0.315,82.327
2021-01-01,077_000039,0.248,63.029
2021-01-01,077_000040,0.349,66.515
2021-01-01,077_000062,0.283,63.009
2021-01-01,077_000066,0.318,111.285
2021-01-01,077_000049,0.169,19.941
2021-01-01,077_000050,0.257,28.331
2021-02-01,077_000017,0.446,35.512
2021-02-01,077_000018,0.41,7.79
2021-02-01,077_000019,0.378,26.043
2021-02-01,077_000020,0.316,18.267
2021-02-01,077_000063,0.367,85.433
2021-02-01,077_000038,0.408,82.327
2021-02-01,077_000039,0.284,63.029
2021-02-01,077_000040,0.455,66.515
2021-02-01,077_000062,0.34,63.009
2021-02-01,077_000066,0.415,111.285
2021-02-01,077_000049,0.287,19.941
2021-02-01,077_000050,0.287,28.331
2021-03-01,077_000017,0.439,35.512
2021-03-01,077_000018,0.342,7.79
2021-03-01,077_000019,0.489,26.043
2021-03-01,077_000020,0.424,18.267
2021-03-01,077_000063,0.401,85.433
2021-03-01,077_000038,0.495,82.327
2021-03-01,077_000039,0.48,63.029
2021-03-01,077_000040,0.493,66.515
2021-03-01,077_000062,0.425,63.009
2021-03-01,077_000066,0.465,111.285
2021-03-01,077_000049,0.4,19.941
2021-03-01,077_000050,0.383,28.331
2021-04-01,077_000017,0.508,35.512
2021-04-01,077_000018,0.553,7.79
2021-04-01,077_000019,0.475,26.043
2021-04-01,077_000020,0.453,18.267
2021-04-01,077_000063,0.462,85.433
2021-04-01,077_000038,0.756,82.327
2021-04-01,077_000039,0.628,63.029
2021-04-01,077_000040,0.528,66.515
2021-04-01,077_000062,0.487,63.009
2021-04-01,077_000066,0.586,111.285
2021-04-01,077_000049,0.411,19.941
2021-04-01,077_000050,0.475,28.331
2021-05-01,077_000017,0.894,35.512
2021-05-01,077_000018,0.822,7.79
2021-05-01,077_000019,0.749,26.043
2021-05-01,077_000020,0.748,18.267
2021-05-01,077_000063,0.87,85.433
2021-05-01,077_000038,0.933,82.327
2021-05-01,077_000039,0.937,63.029
2021-05-01,077_000040,0.888,66.515
2021-05-01,077_000062,0.877,63.009
2021-05-01,077_000066,0.882,111.285
2021-05-01,077_000049,0.814,19.941
2021-05-01,077_000050,0.849,28.331
2021-06-01,077_000017,0.962,35.512
2021-06-01,077_000018,0.789,7.79
2021-06-01,077_000019,0.624,26.043
2021-06-01,077_000020,0.818,18.267
2021-06-01,077_000063,0.862,85.433
2021-06-01,077_000038,0.955,82.327
2021-06-01,077_000039,0.993,63.029
2021-06-01,077_000040,0.912,66.515
2021-06-01,077_000062,0.935,63.009
2021-06-01,077_000066,0.954,111.285
2021-06-01,077_000049,0.754,19.941
2021-06-01,077_000050,0.867,28.331
2021-07-01,077_000017,0.775,35.512
2021-07-01,077_000018,0.532,7.79
2021-07-01,077_000019,0.646,26.043
2021-07-01,077_000020,0.731,18.267
2021-07-01,077_000063,0.661,85.433
2021-07-01,077_000038,0.858,82.327
2021-07-01,077_000039,0.774,63.029
2021-07-01,077_000040,0.868,66.515
2021-07-01,077_000062,0.912,63.009
2021-07-01,077_000066,0.925,111.285
2021-07-01,077_000049,0.518,19.941
2021-07-01,077_000050,0.72,28.331
2021-08-01,077_000017,0.922,35.512
2021-08-01,077_000018,0.743,7.79
2021-08-01,077_000019,0.953,26.043
2021-08-01,077_000020,0.842,18.267
2021-08-01,077_000063,0.868,85.433
2021-08-01,077_000038,0.948,82.327
2021-08-01,077_000039,0.983,63.029
2021-08-01,077_000040,0.9,66.515
2021-08-01,077_000062,0.985,63.009
2021-08-01,077_000066,0.985,111.285
2021-08-01,077_000049,0.735,19.941
2021-08-01,077_000050,0.814,28.331
2021-09-01,077_000017,0.752,35.512
2021-09-01,077_000018,0.623,7.79
2021-09-01,077_000019,0.655,26.043
2021-09-01,077_000020,0.737,18.267
2021-09-01,077_000063,0.655,85.433
2021-09-01,077_000038,0.796,82.327
2021-09-01,077_000039,0.654,63.029
2021-09-01,077_000040,0.704,66.515
2021-09-01,077_000062,0.814,63.009
2021-09-01,077_000066,0.712,111.285
2021-09-01,077_000049,0.693,19.941
2021-09-01,077_000050,0.673,28.331
2021-10-01,077_000017,0.661,35.512
2021-10-01,077_000018,0.531,7.79
2021-10-01,077_000019,0.662,26.043
2021-10-01,077_000020,0.686,18.267
2021-10-01,077_000063,0.538,85.433
2021-10-01,077_000038,0.642,82.327
2021-10-01,077_000039,0.633,63.029
2021-10-01,077_000040,0.608,66.515
2021-10-01,077_000062,0.668,63.009
2021-10-01,077_000066,0.619,111.285
2021-10-01,077_000049,0.626,19.941
2021-10-01,077_000050,0.571,28.331
2021-11-01,077_000017,0.564,35.512
2021-11-01,077_000018,0.587,7.79
2021-11-01,077_000019,0.753,26.043
2021-11-01,077_000020,0.667,18.267
2021-11-01,077_000063,0.525,85.433
2021-11-01,077_000038,0.618,82.327
2021-11-01,077_000039,0.663,63.029
2021-11-01,077_000040,0.706,66.515
2021-11-01,077_000062,0.633,63.009
2021-11-01,077_000066,0.695,111.285
2021-11-01,077_000049,0.535,19.941
2021-11-01,077_000050,0.534,28.331
2021-12-01,077_000017,0.453,35.512
2021-12-01,077_000018,0.464,7.79
2021-12-01,077_000019,0.679,26.043
2021-12-01,077_000020,0.512,18.267
2021-12-01,077_000063,0.446,85.433
2021-12-01,077_000038,0.574,82.327
2021-12-01,077_000039,0.58,63.029
2021-12-01,077_000040,0.609,66.515
2021-12-01,077_000062,0.591,63.009
2021-12-01,077_000066,0.64,111.285
2021-12-01,077_000049,0.412,19.941
2021-12-01,077_000050,0.513,28.331
2022-01-01,077_000017,0.027,35.512
2022-01-01,077_000019,0.083,26.043
2022-01-01,077_000020,0.014,18.267
2022-01-01,077_000063,0.033,85.433
2022-01-01,077_000038,0.113,82.327
2022-01-01,077_000039,0.0,63.029
2022-01-01,077_000040,0.082,66.515
2022-01-01,077_000062,0.11,63.009
2022-01-01,077_000066,0.066,111.285
2022-01-01,077_000049,0.064,19.941
2022-01-01,077_000050,0.147,28.331
2022-02-01,077_000017,0.252,35.512
2022-02-01,077_000018,0.244,7.79
2022-02-01,077_000019,0.379,26.043
2022-02-01,077_000020,0.292,18.267
2022-02-01,077_000063,0.274,85.433
2022-02-01,077_000038,0.326,82.327
2022-02-01,077_000039,0.254,63.029
2022-02-01,077_000040,0.36,66.515
2022-02-01,077_000062,0.376,63.009
2022-02-01,077_000066,0.324,111.285
2022-02-01,077_000049,0.278,19.941
2022-02-01,077_000050,0.38,28.331
2022-03-01,077_000017,0.482,35.512
2022-03-01,077_000018,0.456,7.79
2022-03-01,077_000019,0.58,26.043
2022-03-01,077_000020,0.473,18.267
2022-03-01,077_000063,0.468,85.433
2022-03-01,077_000038,0.424,82.327
2022-03-01,077_000039,0.395,63.029
2022-03-01,077_000040,0.556,66.515
2022-03-01,077_000062,0.534,63.009
2022-03-01,077_000066,0.473,111.285
2022-03-01,077_000049,0.434,19.941
2022-03-01,077_000050,0.478,28.331
2022-04-01,077_000017,0.716,35.512
2022-04-01,077_000018,0.532,7.79
2022-04-01,077_000019,0.704,26.043
2022-04-01,077_000020,0.586,18.267
2022-04-01,077_000063,0.601,85.433
2022-04-01,077_000038,0.513,82.327
2022-04-01,077_000039,0.564,63.029
2022-04-01,077_000040,0.544,66.515
2022-04-01,077_000062,0.56,63.009
2022-04-01,077_000066,0.604,111.285
2022-04-01,077_000049,0.587,19.941
2022-04-01,077_000050,0.565,28.331
2022-05-01,077_000017,0.68,35.512
2022-05-01,077_000018,0.653,7.79
2022-05-01,077_000019,0.745,26.043
2022-05-01,077_000020,0.701,18.267
2022-05-01,077_000063,0.697,85.433
2022-05-01,077_000038,0.627,82.327
2022-05-01,077_000039,0.695,63.029
2022-05-01,077_000040,0.737,66.515
2022-05-01,077_000062,0.628,63.009
2022-05-01,077_000066,0.725,111.285
2022-05-01,077_000049,0.728,19.941
2022-05-01,077_000050,0.596,28.331
2022-06-01,077_000017,0.93,35.512
2022-06-01,077_000018,0.752,7.79
2022-06-01,077_000019,0.594,26.043
2022-06-01,077_000020,0.87,18.267
2022-06-01,077_000063,0.828,85.433
2022-06-01,077_000038,0.94,82.327
2022-06-01,077_000039,0.945,63.029
2022-06-01,077_000040,0.912,66.515
2022-06-01,077_000062,0.986,63.009
2022-06-01,077_000066,0.915,111.285
2022-06-01,077_000049,0.774,19.941
2022-06-01,077_000050,1.039,28.331
2022-07-01,077_000017,0.951,35.512
2022-07-01,077_000018,0.706,7.79
2022-07-01,077_000019,0.835,26.043
2022-07-01,077_000020,0.915,18.267
2022-07-01,077_000063,0.746,85.433
2022-07-01,077_000038,0.918,82.327
2022-07-01,077_000039,0.879,63.029
2022-07-01,077_000040,0.982,66.515
2022-07-01,077_000062,1.016,63.009
2022-07-01,077_000066,1.005,111.285
2022-07-01,077_000049,0.765,19.941
2022-07-01,077_000050,0.991,28.331
2022-08-01,077_000017,0.703,35.512
2022-08-01,077_000018,0.481,7.79
2022-08-01,077_000019,0.859,26.043
2022-08-01,077_000020,0.723,18.267
2022-08-01,077_000063,0.648,85.433
2022-08-01,077_000038,0.801,82.327
2022-08-01,077_000039,0.872,63.029
2022-08-01,077_000040,0.834,66.515
2022-08-01,077_000062,0.795,63.009
2022-08-01,077_000066,0.856,111.285
2022-08-01,077_000049,0.396,19.941
2022-08-01,077_000050,0.744,28.331
2022-09-01,077_000017,0.778,35.512
2022-09-01,077_000018,0.472,7.79
2022-09-01,077_000019,0.609,26.043
2022-09-01,077_000020,0.641,18.267
2022-09-01,077_000063,0.613,85.433
2022-09-01,077_000038,0.839,82.327
2022-09-01,077_000039,0.709,63.029
2022-09-01,077_000040,0.772,66.515
2022-09-01,077_000062,0.863,63.009
2022-09-01,077_000066,0.821,111.285
2022-09-01,077_000049,0.322,19.941
2022-09-01,077_000050,0.694,28.331
2022-10-01,077_000017,0.728,35.512
2022-10-01,077_000018,0.567,7.79
2022-10-01,077_000019,0.687,26.043
2022-10-01,077_000020,0.614,18.267
2022-10-01,077_000063,0.625,85.433
2022-10-01,077_000038,0.704,82.327
2022-10-01,077_000039,0.642,63.029
2022-10-01,077_000040,0.678,66.515
2022-10-01,077_000062,0.7,63.009
2022-10-01,077_000066,0.705,111.285
2022-10-01,077_000049,0.336,19.941
2022-10-01,077_000050,0.616,28.331
2022-11-01,077_000017,0.42,35.512
2022-11-01,077_000018,0.341,7.79
2022-11-01,077_000019,0.385,26.043
2022-11-01,077_000020,0.365,18.267
2022-11-01,077_000063,0.366,85.433
2022-11-01,077_000038,0.375,82.327
2022-11-01,077_000039,0.353,63.029
2022-11-01,077_000040,0.366,66.515
2022-11-01,077_000062,0.385,63.009
2022-11-01,077_000066,0.381,111.285
2022-11-01,077_000049,0.196,19.941
2022-11-01,077_000050,0.333,28.331
2022-12-01,077_000017,0.0,35.512
2022-12-01,077_000018,0.0,7.79
2022-12-01,077_000019,0.002,26.043
2022-12-01,077_000020,0.0,18.267
2022-12-01,077_000063,0.0,85.433
2022-12-01,077_000038,0.014,82.327
2022-12-01,077_000039,0.0,63.029
2022-12-01,077_000040,0.001,66.515
2022-12-01,077_000062,0.026,63.009
2022-12-01,077_000066,0.008,111.285
2022-12-01,077_000049,0.0,19.941
2022-12-01,077_000050,0.028,28.331
2023-01-01,077_000017,0.013,35.512
2023-01-01,077_000018,0.003,7.79
2023-01-01,077_000019,0.022,26.043
2023-01-01,077_000020,0.006,18.267
2023-01-01,077_000063,0.002,85.433
2023-01-01,077_000038,0.053,82.327
2023-01-01,077_000039,0.002,63.029
2023-01-01,077_000040,0.027,66.515
2023-01-01,077_000062,0.1,63.009
2023-01-01,077_000066,0.042,111.285
2023-01-01,077_000049,0.021,19.941
2023-01-01,077_000050,0.109,28.331
2023-02-01,077_000017,0.146,35.512
2023-02-01,077_000018,0.142,7.79
2023-02-01,077_000019,0.179,26.043
2023-02-01,077_000020,0.173,18.267
2023-02-01,077_000063,0.144,85.433
2023-02-01,077_000038,0.188,82.327
2023-02-01,077_000039,0.121,63.029
2023-02-01,077_000040,0.161,66.515
2023-02-01,077_000062,0.325,63.009
2023-02-01,077_000066,0.161,111.285
2023-02-01,077_000049,0.192,19.941
2023-02-01,077_000050,0.409,28.331
2023-03-01,077_000017,0.254,35.512
2023-03-01,077_000018,0.236,7.79
2023-03-01,077_000019,0.282,26.043
2023-03-01,077_000020,0.257,18.267
2023-03-01,077_000063,0.23,85.433
2023-03-01,077_000038,0.262,82.327
2023-03-01,077_000039,0.253,63.029
2023-03-01,077_000040,0.284,66.515
2023-03-01,077_000062,0.255,63.009
2023-03-01,077_000066,0.24,111.285
2023-03-01,077_000049,0.184,19.941
2023-03-01,077_000050,0.26,28.331
2023-04-01,077_000017,0.43,35.512
2023-04-01,077_000018,0.347,7.79
2023-04-01,077_000019,0.428,26.043
2023-04-01,077_000020,0.409,18.267
2023-04-01,077_000063,0.354,85.433
2023-04-01,077_000038,0.404,82.327
2023-04-01,077_000039,0.426,63.029
2023-04-01,077_000040,0.426,66.515
2023-04-01,077_000062,0.399,63.009
2023-04-01,077_000066,0.42,111.285
2023-04-01,077_000049,0.279,19.941
2023-04-01,077_000050,0.397,28.331
2023-05-01,077_000017,0.957,35.512
2023-05-01,077_000018,0.817,7.79
2023-05-01,077_000019,0.933,26.043
2023-05-01,077_000020,0.917,18.267
2023-05-01,077_000063,0.936,85.433
2023-05-01,077_000038,0.842,82.327
2023-05-01,077_000039,0.889,63.029
2023-05-01,077_000040,0.947,66.515
2023-05-01,077_000062,0.798,63.009
2023-05-01,077_000066,0.886,111.285
2023-05-01,077_000049,0.755,19.941
2023-05-01,077_000050,0.796,28.331
2023-06-01,077_000017,1.093,35.512
2023-06-01,077_000018,0.997,7.79
2023-06-01,077_000019,1.048,26.043
2023-06-01,077_000020,1.047,18.267
2023-06-01,077_000063,1.095,85.433
2023-06-01,077_000038,1.039,82.327
2023-06-01,077_000039,1.032,63.029
2023-06-01,077_000040,1.051,66.515
2023-06-01,077_000062,1.065,63.009
2023-06-01,077_000066,1.046,111.285
2023-06-01,077_000049,1.009,19.941
2023-06-01,077_000050,1.041,28.331
2023-07-01,077_000017,0.875,35.512
2023-07-01,077_000018,0.696,7.79
2023-07-01,077_000019,0.73,26.043
2023-07-01,077_000020,0.852,18.267
2023-07-01,077_000063,0.689,85.433
2023-07-01,077_000038,0.991,82.327
2023-07-01,077_000039,0.917,63.029
2023-07-01,077_000040,0.998,66.515
2023-07-01,077_000062,0.908,63.009
2023-07-01,077_000066,0.996,111.285
2023-07-01,077_000049,0.79,19.941
2023-07-01,077_000050,0.865,28.331
2023-08-01,077_000017,0.888,35.512
2023-08-01,077_000018,0.596,7.79
2023-08-01,077_000019,0.745,26.043
2023-08-01,077_000020,0.728,18.267
2023-08-01,077_000063,0.629,85.433
2023-08-01,077_000038,0.865,82.327
2023-08-01,077_000039,0.923,63.029
2023-08-01,077_000040,0.86,66.515
2023-08-01,077_000062,0.908,63.009
2023-08-01,077_000066,0.872,111.285
2023-08-01,077_000049,0.527,19.941
2023-08-01,077_000050,0.844,28.331
2023-09-01,077_000017,0.938,35.512
2023-09-01,077_000018,0.676,7.79
2023-09-01,077_000019,0.777,26.043
2023-09-01,077_000020,0.701,18.267
2023-09-01,077_000063,0.713,85.433
2023-09-01,077_000038,0.937,82.327
2023-09-01,077_000039,0.893,63.029
2023-09-01,077_000040,0.854,66.515
2023-09-01,077_000062,0.993,63.009
2023-09-01,077_000066,0.969,111.285
2023-09-01,077_000049,0.516,19.941
2023-09-01,077_000050,0.917,28.331
2023-10-01,077_000017,0.786,35.512
2023-10-01,077_000018,0.698,7.79
2023-10-01,077_000019,0.692,26.043
2023-10-01,077_000020,0.59,18.267
2023-10-01,077_000063,0.697,85.433
2023-10-01,077_000038,0.732,82.327
2023-10-01,077_000039,0.755,63.029
2023-10-01,077_000040,0.724,66.515
2023-10-01,077_000062,0.778,63.009
2023-10-01,077_000066,0.731,111.285
2023-10-01,077_000049,0.474,19.941
2023-10-01,077_000050,0.729,28.331
2023-11-01,077_000017,0.652,35.512
2023-11-01,077_000018,0.623,7.79
2023-11-01,077_000019,0.574,26.043
2023-11-01,077_000020,0.579,18.267
2023-11-01,077_000063,0.648,85.433
2023-11-01,077_000038,0.531,82.327
2023-11-01,077_000039,0.542,63.029
2023-11-01,077_000040,0.608,66.515
2023-11-01,077_000062,0.662,63.009
2023-11-01,077_000066,0.554,111.285
2023-11-01,077_000049,0.483,19.941
2023-11-01,077_000050,0.645,28.331
2023-12-01,077_000017,0.518,35.512
2023-12-01,077_000018,0.466,7.79
2023-12-01,077_000019,0.378,26.043
2023-12-01,077_000020,0.453,18.267
2023-12-01,077_000063,0.55,85.433
2023-12-01,077_000038,0.417,82.327
2023-12-01,077_000039,0.287,63.029
2023-12-01,077_000040,0.534,66.515
2023-12-01,077_000062,0.494,63.009
2023-12-01,077_000066,0.458,111.285
2023-12-01,077_000049,0.329,19.941
2023-12-01,077_000050,0.514,28.331
